id,floor,old_name,new_name
gen_1e6d5a64,01,,
gen_da536389,01,,
gen_d6d9cac4,01,,
gen_2b427a86,01,,
gen_951aecbd,01,,
gen_cda1caa0,01,,
gen_6bedb3fd,01,,
gen_56c6ec5d,01,,
gen_3d66e28e,01,,
gen_15c9c1da,01,,
gen_dce2478e,01,,
gen_be6761ad,01,,
gen_61568398,01,,
gen_ab47f746,01,,
gen_ad7079fd,01,,
gen_1dce62a4,01,,
gen_abedb5ac,01,,
gen_80a3fab0,01,,
gen_0db91bc9,01,,
gen_06c5bcd8,01,,
gen_7faa6fda,01,,
gen_9f04df98,01,,
gen_529ddc72,01,,
gen_843375a5,01,,
gen_fc9afd1f,01,,
gen_c74d2a8a,01,,
gen_60f76eea,01,,
gen_a14d8a76,01,,
gen_c705fa10,01,,
gen_1dd99e0c,01,,
gen_d4673cc2,01,,
gen_4195ff90,01,,
gen_c0f0ebe0,01,,
gen_f78dfaf9,01,,
gen_ba207446,01,,
gen_d1bb0c29,01,,
gen_74bfa483,01,,
gen_a74a0ddd,01,,
gen_4fbbc93c,01,,
gen_40e5c09e,01,,
gen_2398cd2e,01,,
gen_d68ab87e,01,,
gen_95313093,01,,
gen_f8516846,01,,
gen_923fdbb8,01,,
gen_39e4fdde,01,,
gen_4384b839,01,,
gen_a9b64537,01,,
gen_1b0cdcf7,01,,
gen_20b3612d,01,,
gen_06c613f9,01,,
gen_7919076a,01,,
gen_285ee800,01,,
gen_0f31d791,01,,
gen_ed9022d0,01,,
gen_b9b6fe30,01,,
gen_91400972,01,,
gen_74aea3e5,01,,
gen_d8442367,01,,
gen_4881c94f,01,,
gen_03bc7c7b,01,,
gen_42a848d3,01,,
gen_69182241,01,,
gen_1989aaf5,01,,
gen_393423c0,01,,
gen_c8818e69,01,,
gen_192f132b,01,,
gen_7f58869a,01,,
gen_6698af5a,01,,
gen_535a6d29,01,,
gen_ec87a955,01,,
gen_d0387c16,01,,
gen_7baab8c6,01,,
gen_289c7766,01,,
gen_20e86e37,01,,
gen_d27eedb6,01,,
gen_2e54db7d,01,,
gen_539edba5,01,,
gen_feabc68a,01,,
gen_f5c9f7fb,01,,
gen_abd2cef1,02,,
gen_2ab167dc,02,,
gen_4e7c0f41,02,,
gen_69d913f4,02,,
gen_71914567,02,,
gen_88911cdd,02,,
gen_c57ec4b9,02,,
gen_698d8532,02,,
gen_e29de2c7,02,,
gen_86aff5cc,02,,
gen_d6324d00,02,,
gen_5156cc71,02,,
gen_6a664398,02,,
gen_9b3d4d78,02,,
gen_3c834c4c,02,,
gen_121e5d65,02,,
gen_a0f50e28,02,,
gen_c3faa46d,02,,
gen_74190a01,02,,
gen_d0b454ed,02,,
gen_183c55ca,02,,
gen_80316d32,02,,
gen_78b5c47c,02,,
gen_60bfae47,02,,
gen_770c4b2c,02,,
gen_b3a4a326,02,,
gen_4af2b277,02,,
gen_4812dd49,02,,
gen_6e1b980e,02,,
gen_0f0b6443,02,,
gen_e61e43a2,02,,
gen_97375438,02,,
gen_ec4eef00,02,,
gen_2b707d47,02,,
gen_f69b892f,02,,
gen_e718b5b0,02,,
gen_b3ed9854,02,,
gen_41e01aa1,02,,
gen_78310a89,02,,
gen_08efd951,02,,
gen_ede0e86e,02,,
gen_b488f5fb,02,,
gen_fd22eb1b,02,,
gen_c141ac38,02,,
gen_c18824e2,02,,
gen_f1d0c2a9,02,,
gen_d23de97c,02,,
gen_dff89f5a,02,,
gen_bcb00850,02,,
gen_83ff4f80,02,,
gen_a72e91c0,02,,
gen_4a0ce6dd,02,,
gen_f1ee4db2,02,,
gen_10d13220,02,,
gen_4e3e9250,02,,
gen_c82030e1,02,,
gen_f7172551,02,,
gen_8a9f2a27,02,,
gen_1ee69394,02,,
gen_fac0c3b1,02,,
gen_c54a1142,02,,
gen_4bb7d410,02,,
gen_638824e0,02,,
gen_6ce90fae,02,,
gen_6969dd51,02,,
gen_da9c4bef,02,,
gen_b0335394,02,,
gen_6d225246,02,,
gen_d47c0fc0,03,,
gen_26e34842,03,,
gen_d83857f4,03,,
gen_1684d9f6,03,,
gen_7f160c3a,03,,
gen_b8b428d6,03,,
gen_1d6081ac,03,,
gen_d848971a,03,,
gen_ee3b98bd,03,,
gen_e1b68819,03,,
gen_412679b7,03,,
gen_80af56c2,03,,
gen_07e543fd,03,,
gen_6a750a4a,03,,
gen_33389f8a,03,,
gen_2a519312,03,,
gen_450472ea,03,,
gen_8256b4c1,03,,
gen_990616ba,03,,
gen_a7bcf34e,03,,
gen_2ad800e3,03,,
gen_5500d1d9,03,,
gen_351f66fe,03,,
gen_1dda8a6c,03,,
gen_0090be18,03,,
gen_03994b36,03,,
gen_35274cb4,03,,
gen_f9246681,03,,
gen_591f5038,03,,
gen_9fe814cc,03,,
gen_d208a262,03,,
gen_c40d6fc1,03,,
gen_bfb65fc7,03,,
gen_08d955d6,03,,
gen_b75807c3,03,,
gen_66ebf120,03,,
gen_1a2d2969,03,,
gen_2f2bb9c5,03,,
gen_abb53432,03,,
gen_3dcee79d,03,,
gen_2155b450,03,,
gen_7b1f93dc,03,,
gen_aca31dc6,03,,
gen_d4817f8a,03,,
gen_dcf0cb2c,03,,
gen_6b45a834,03,,
gen_e9b46257,03,,
gen_7544dcaa,03,,
gen_5a7bf006,03,,
gen_672b806f,03,,
gen_0b0cd38f,03,,
gen_395fcb3e,03,,
gen_1d44513a,03,,
gen_f4550147,03,,
gen_8b492593,03,,
gen_c5863b1b,03,,
gen_526baf0e,03,,
gen_4f5cc379,03,,
gen_656868dc,03,,
gen_b0da2139,03,,
gen_b5b9d5fd,03,,
gen_f47f3f5b,03,,
gen_686be3ea,03,,
gen_b30b9b6f,03,,
gen_1fe4e3bb,03,,
gen_439c1b90,03,,
gen_6374cf63,03,,
gen_aa0223c8,03,,
gen_5cf67a84,03,,
gen_370e981c,03,,
gen_95058c3f,03,,
gen_577afd34,03,,
gen_50a7b63a,03,,
gen_307e4fba,03,,
gen_6e3a836f,03,,
gen_1ac53b60,03,,
gen_b8420b9c,03,,
gen_0bcd6631,04,,
gen_d12a7b0b,04,,
gen_078bbab3,04,,
gen_f7043e63,04,,
gen_2a391611,04,,
gen_86638682,04,,
gen_8c908df1,04,,
gen_c5ff1624,04,,
gen_eec10858,04,,
gen_12dec7cc,04,,
gen_95d812ef,04,,
gen_b2b3cc44,04,,
gen_49c4119d,04,,
gen_4782fb7f,04,,
gen_d9571caa,04,,
gen_9e78a7eb,04,,
gen_dbd61ba6,04,,
gen_d03503ac,04,,
gen_58d5db09,04,,
gen_b0dddd0b,04,,
gen_7c5ca242,04,,
gen_8a68e062,04,,
gen_b2fc5c60,04,,
gen_7b43daf8,04,,
gen_f0cc0a46,04,,
gen_88764d88,04,,
gen_489cac9a,04,,
gen_87d66379,04,,
gen_c0ee2e71,04,,
gen_310b6f65,04,,
gen_09d59165,04,,
gen_aecff56b,04,,
gen_345c93d4,04,,
gen_a5f435d5,04,,
gen_74c3fe9e,04,,
gen_75586b74,04,,
gen_16eb6c0b,04,,
gen_24d0aa29,04,,
gen_9006eecd,04,,
gen_9b459027,04,,
gen_f019f050,04,,
gen_9959527d,04,,
gen_8afcd81c,04,,
gen_92e57ebb,04,,
gen_6bbfa23d,04,,
gen_d6018fe6,04,,
gen_04f4a610,04,,
gen_d9eda13b,04,,
gen_860fd87e,04,,
gen_42dcd0eb,04,,
gen_fd77f86c,04,,
gen_11c072e3,04,,
gen_8cb74600,04,,
gen_c80aeb10,04,,
gen_fb1ec4b5,04,,
gen_201511d3,04,,
gen_00c512ed,04,,
gen_7e52a70c,04,,
gen_1607bd9a,04,,
gen_ef6d9cfc,04,,
gen_363fd5b5,04,,
gen_0724bc13,04,,
gen_18ca2346,04,,
gen_5f2b6e92,04,,
gen_44cc809b,04,,
gen_203839cc,04,,
gen_93ca559c,04,,
gen_976c9926,04,,
gen_00799348,04,,
gen_347eb019,04,,
gen_76933b83,04,,
gen_e7c94aa6,04,,
gen_528b3924,04,,
gen_40f473eb,04,,
gen_a3ce83ca,04,,
gen_faf6e488,04,,
gen_85ff5e78,04,,
gen_6f62ac15,04,,
gen_0c8f5aae,04,,
gen_831d32ca,04,,
gen_b9b9a78f,05,,
gen_1a779612,05,,
gen_71bd02d0,05,,
gen_977f4a8d,05,,
gen_63a77cf6,05,,
gen_0de01097,05,,
gen_cb6efe87,05,,
gen_1b214411,05,,
gen_bfe1270c,05,,
gen_77c2c311,05,,
gen_312cefff,05,,
gen_79042ba7,05,,
gen_976e093b,05,,
gen_7f537fbb,05,,
gen_6235915a,05,,
gen_e9e654c8,05,,
gen_f34b8608,05,,
gen_0bc77114,05,,
gen_27827203,05,,
gen_4f69e8a6,05,,
gen_18027e24,05,,
gen_74f31536,05,,
gen_e23a982b,05,,
gen_7334ceef,05,,
gen_eeb47bdf,05,,
gen_6c99d5ec,05,,
gen_fcedc703,05,,
gen_d3800195,05,,
gen_5a7d25b8,05,,
gen_79601cfc,05,,
gen_f3f6c7ae,05,,
gen_b5255cc9,05,,
gen_a21e76c7,05,,
gen_1df00ffa,05,,
gen_19924b8f,05,,
gen_b093fcb8,05,,
gen_df3b6a14,05,,
gen_513b8088,05,,
gen_47717f15,05,,
gen_7e51fbe1,05,,
gen_98dec5ec,05,,
gen_b1c3e34d,05,,
gen_95836dd6,05,,
gen_9a97d463,05,,
gen_77334036,05,,
gen_57293de0,05,,
gen_e7e6fa04,05,,
gen_0dd75c60,05,,
gen_19f08806,05,,
gen_b2c54bd8,05,,
gen_c75cca30,05,,
gen_3972070f,05,,
gen_e02d3939,05,,
gen_84479655,05,,
gen_f46368e7,05,,
gen_1995bd8e,05,,
gen_d77de7c9,05,,
gen_99ec688d,05,,
gen_2fbc539b,05,,
gen_ac2e57a6,05,,
gen_1b4275d2,05,,
gen_bfb1e4bf,05,,
gen_3a11b31d,05,,
gen_ffb7bb56,05,,
gen_a6926445,05,,
gen_c8152eb4,05,,
gen_b2c1b541,06,,
gen_86f78241,06,,
gen_344666e9,06,,
gen_2dfbfb12,06,,
gen_527473a8,06,,
gen_674f2140,06,,
gen_463c220a,06,,
gen_69bd9a16,06,,
gen_87228235,06,,
gen_c16b874e,06,,
gen_3cf1d6d1,06,,
gen_152c567b,06,,
gen_54905122,06,,
gen_ba1bb0eb,06,,
gen_1902860f,06,,
gen_7357fd3f,06,,
gen_b1292b97,06,,
gen_2758b73f,06,,
gen_b2aac842,06,,
gen_52b41bf3,06,,
gen_7f933234,06,,
gen_30aec84b,06,,
gen_8620a179,06,,
gen_1982e271,06,,
gen_4eb6ec3c,06,,
gen_a2a2b130,06,,
gen_8f359969,06,,
gen_a8814bed,06,,
gen_713b22c4,06,,
gen_797a25b8,06,,
gen_001e6c2b,06,,
gen_fa7e942c,06,,
gen_e8238c94,06,,
gen_696ca544,06,,
gen_071d2841,06,,
gen_4d6f4363,06,,
gen_03912641,06,,
gen_a347cfa0,06,,
gen_b0e63234,06,,
gen_8a92fcc3,06,,
gen_37c0b10a,06,,
gen_33d6f421,06,,
gen_cde69a0c,06,,
gen_2fdb4a51,06,,
gen_de585621,06,,
gen_569e21be,06,,
gen_e3739bbb,06,,
gen_aa08f036,06,,
gen_fc27087c,06,,
gen_5a2902f9,06,,
gen_1a4522da,06,,
gen_058fb5a8,06,,
gen_d0bd56b5,06,,
gen_2827937a,06,,
gen_d80ee01a,06,,
gen_9f63c396,06,,
gen_7fe545e7,06,,
gen_a8df428c,06,,
gen_7873d378,06,,
gen_27312689,06,,
gen_b9243641,06,,
gen_04870182,06,,
gen_b2dd7c7d,06,,
gen_67891ca6,06,,
gen_0650294d,06,,
gen_b03e3f80,06,,
gen_6aad2026,06,,
gen_0f2491fc,06,,
gen_fd64d5f2,06,,
gen_2ac1c0b0,06,,
